Text	Stress	Boundary	Pitch	Token
Ju-	x		G3	G3
bi-	-		G3	G3
la-	X		G3	G3
_	_		A3	A3
_	_		B3	B3
_	_		A3	A3
te	-		G3	G3
_	_		A3	A3
_	_		A3	A3
_	_		G3	G3
Do-	X		G3	G3
_	_		C4	C4
_	_		C4	C4
_	_		D4	D4
mi-	-		A3	A3
no	+		G3	G3
_	_		F3	F3
_	_		G3	G3
_	_		A3	A3
_	_		A3	A3
_	_		G3	G3
		Maior		Maior
om-	X		B3	B3
_	_		C4	C4
nis	-		A3	A3
_	_		C4	C4
_	_		B3	B3
ter-	X		C4	C4
ra:	-		C4	C4
_	_		C4	C4
_	_		C4	C4
_	_		D4	D4
_	_		A3	A3
_	_		A3	A3
_	_		G3	G3
_	_		A3	A3
_	_		G3	G3
_	_		C4	C4
_	_		C4	C4
_	_		A3	A3
_	_		C4	C4
_	_		G3	G3
_	_		G3	G3
_	_		F3	F3
		Maxima		Maxima
ser-	-		G3	G3
vi-	X		A3	A3
_	_		F3	F3
_	_		G3	G3
te	-		G3	G3
_	_		A3	A3
_	_		C4	C4
_	_		B3	B3
Do-	X		C4	C4
mi-	-		A3	A3
_	_		B3	B3
_	_		C4	C4
no	+		B3	B3
_	_		C4	C4
_	_		A3	A3
_	_		A3	A3
_	_		G3	G3
		Maior		Maior
in	~		F3	F3
_	_		A3	A3
_	_		Bb3	Bb3
_	_		A3	A3
_	_		Bb3	Bb3
_	_		G3	G3
lae-	-		C4	C4
ti-	X		C4	C4
_	_		B3	B3
_	_		C4	C4
_	_		G3	G3
_	_		C4	C4
_	_		C4	C4
_	_		A3	A3
_	_		G3	G3
_	_		A3	A3
_	_		Bb3	Bb3
_	_		G3	G3
_	_		F3	F3
		Minima		Minima
_	-		A3	A3
_	_		C4	C4
_	_		A3	A3
_	_		B3	B3
_	_		G3	G3
ti-	-		F3	F3
_	_		G3	G3
a.	+		G3	G3
_	_		A3	A3
_	_		A3	A3
_	_		G3	G3
		Finalis		Finalis
